CategoryName,RevenueSharePct
Beverages,20.484835999203007
Confections,15.018133612889077
Meat/Poultry,14.538260526896869
Dairy Products,12.88159716844133
Condiments,12.452679841653069
Seafood,11.07384051204381
Produce,7.23717134232588
Grains/Cereals,6.3134809965469625
