ShipperName,AvgOrderValue
Speedy Express,27735.418010777885
Federal Shipping,27515.04752939022
United Package,27371.2182872767
